"Sample","%COCOA","%SUGAR","%MILK","COLOUR(L)","VISCOSITY/10","colour","cocoa-odour","smooth-txtr","milk-taste","sweet"
"1:Milk+",20.0000000,30.0000000,50.0000000,44.8899994,18.6200008,1.6714287,6.0642858,8.5857143,6.8857141,8.4785719
"2",20.0000000,43.2999992,36.7000008,42.7700005,m,3.2214286,6.2999997,9.0857143,5.1714287,9.7642860
"3:Sugar+",20.0000000,50.0000000,30.0000000,41.6399994,17.8400021,4.8214283,7.0928574,8.6142855,4.6214280,10.5000000
"4",26.7000027,30.0000000,43.2999992,42.3699989,20.6300011,4.9000001,7.5714283,5.9571433,3.2642853,6.6928573
"5a",26.7000027,36.7000008,36.7000008,41.0400009,19.6600037,7.1999993,8.2500000,6.0928569,2.9357145,7.0499997
"5b",26.7000027,36.7000008,36.7000008,41.0400009,19.6600037,6.8571434,7.6642852,6.7428570,2.5785716,7.0428567
"6",33.2999992,36.7000008,30.0000000,39.1399994,21.3300018,10.5999994,10.2357140,4.5499997,1.5071429,5.4785714
"7:Cocoa+",40.0000000,30.0000000,30.0000000,38.3100014,22.5700016,11.1071424,11.3142853,3.4214287,0.8571429,3.9071426
